gene,uni_marker_gene,cv_values
b1184,b1114,0.0404518550762541
b2761,b2761,0.0861164346857199
b2779,b2779,0.0701961284060215
b0393,b2831,0.0484515260997364
b3416,b3416,0.0782798099793601
b2511,b3308,0.0649665340461132
b2608,b0051,0.0444283774152654
b2257,b2257,0.0690963947922021
b3135,b3135,0.0574197779609317
b1094,b1094,0.0457948491968889
b2140,b2895,0.0416241094013324
b0042,b1187,0.0445630530279996
b2810,b2810,0.0832844310388814
b3943,b3943,0.0756244110453069
b4141,b4141,0.0509984978427125
b2582,b3781,0.0414037651275052
b2026,b0529,0.0743617801904577
b1609,b2218,0.043644278176416
b3422,b2709,0.0421054902464237
b1261,b4388,0.0479221803346974
b3169,b2291,0.0415422453147199
b1286,b1844,0.0442041088807822
b0051,b0051,0.0444283774152654
b3996,b3996,0.0690250442309205
b0505,b0505,0.0666021153444392
b0211,b0433,0.0529915679767197
b0981,b3788,0.0491792200793261
b3338,b3338,0.0717883961258133
b0238,b1813,0.0398464631008616
b0606,b0605,0.0580370965070825
b4390,b3423,0.0440289930499956
b3342,b3342,0.0744383627457003
b3064,b3234,0.0364795471441631
b0436,b0525,0.0505929001695206
b3987,b3987,0.0631970992901449
b2581,b2581,0.0417397010056137
b3400,b4171,0.0549751286863373
b3230,b3297,0.0772525931558195
b3984,b3984,0.0894161770647222
b0659,b1128,0.0457238937849552
b3635,b0714,0.0431368142609513
b1114,b1114,0.0404518550762541
b2616,b2184,0.0372385995216239
b4059,b4389,0.0408700475611585
b2159,b2159,0.0887269640509151
b0876,b0876,0.0543093878232381
b4483,b4378,0.0484269724949863
b0957,b0957,0.0672207029688382
b2614,b2614,0.0656149364211436
b0924,b0924,0.0462493858322762
b3053,b3053,0.0709736740317046
b1719,b0930,0.0719198476127192
b1176,b3251,0.0653984609458886
b0415,b0415,0.0624443029257653
b0368,b0368,0.069227604749836
b0084,b2184,0.0372385995216239
b3641,b3641,0.0562707984759153
b1856,b2865,0.0434005400715418
b2910,b2910,0.0646108859580528
b2949,b2268,0.0454596256296063
b1618,b0846,0.0432663332594504
b1399,b0840,0.0477896713742406
b3906,b2382,0.0430429783973977
b3461,b3461,0.077955306566524
b3842,b4260,0.055049816216988
b1735,b1735,0.0704173835067855
b4124,b4124,0.0583500051884787
b2741,b3067,0.0664426365391469
b0694,b0694,0.0512016490066909
b2217,b2697,0.0644846282002939
b3753,b3753,0.0590646217815372
b3451,b1294,0.0439629480812198
b3590,b3590,0.0590904568593313
b2745,b0058,0.0552636101484126
b0178,b0053,0.051118631663111
b3724,b3129,0.0636279855764715
b3056,b3056,0.0437830728057041
b4208,b4208,0.0718496212815927
b1045,b1045,0.0769908791139191
b2473,b2473,0.0684047231860918
b0174,b2184,0.0372385995216239
b0144,b0144,0.0694858303036793
b3706,b4161,0.055254051882788
b0406,b0444,0.0407629374202666
b2559,b2559,0.053859645811908
b2474,b2474,0.071925690616658
b2532,b4403,0.0616383005407688
b3606,b3606,0.0698616570227788
b0188,b0188,0.0454603342930874
b1133,b2324,0.0553922828908375
b4258,b0481,0.0417635152725545
b0172,b0172,0.0646785576783041
b1787,b1787,0.0616910324002606
b2517,b0051,0.0444283774152654
b3651,b3651,0.0618378035727254
b2607,b2746,0.0705212704233261
b3709,b0402,0.0419863443117003
b2575,b1844,0.0442041088807822
b3292,b2184,0.0372385995216239
b4052,b2184,0.0372385995216239
b2916,b0687,0.0742270788421557
b0687,b3019,0.0390292237180057
b2186,b0051,0.0444283774152654
b1823,b2011,0.0520148207977049
b1637,b2581,0.0417397010056137
b1343,b3162,0.078589113655208
b3282,b0481,0.0417635152725545
b4532,b0051,0.0444283774152654
b0118,b1276,0.0779345928145827
b1480,b2184,0.0372385995216239
b1718,b1718,0.0486917813049896
b3980,b3339,0.036843390589445
b0441,b0525,0.0505929001695206
b0604,b2893,0.0498968109422503
b2102,b2435,0.0472390385230131
b3132,b2304,0.041427649794968
b0628,b0628,0.0643991087501563
b1218,b1218,0.0708787817840691
b3447,b3447,0.0641614896544524
b3018,b3018,0.0434060729025132
b1014,b1014,0.0823369324721824
b3432,b3432,0.0642854760455863
b0142,b0142,0.0777305124453426
b2601,b1704,0.0701188410469777
b1727,b1727,0.0617384186047701
b1693,b1693,0.0757108545879959
b3389,b3389,0.0683276237685896
b3846,b1395,0.07151601650458
b1800,b1800,0.0804778271017691
b1302,b1302,0.0867130707336527
b1723,b3916,0.0563555388803929
b2585,b2585,0.0556820172776153
b2780,b2780,0.0722439676226581
b1961,b1961,0.0591071053453778
b1183,b1114,0.0404518550762541
b3066,b3066,0.060373578075754
b3202,b3202,0.0535936650521706
b0708,b0708,0.0694443797542686
b2068,b3549,0.0390310609633677
b3421,b2411,0.0559681055655784
b3647,b2411,0.0559681055655784
b3283,b3019,0.0390292237180057
b3030,b3019,0.0390292237180057
b0025,b0025,0.0526761493704915
b0104,b0104,0.0757779851032971
b3168,b3339,0.036843390589445
b1277,b1277,0.0612812802702964
b3117,b1814,0.0752156179556188
b2024,b2024,0.0745729697960175
b2615,b3916,0.0563555388803929
b1740,b1740,0.0672544261514399
b1872,b0947,0.0479455851282942
b0046,b3351,0.0522747364247561
b3962,b3962,0.0880923586414837
b2764,b0662,0.0451169120967637
b1650,b2794,0.0653125027287289
b3939,b3939,0.077740815374285
b2028,b3787,0.0598501581811827
b0078,b3671,0.0869193325134417
b2844,b1393,0.0658361615174434
b0185,b0185,0.0612208742024911
b0980,b0980,0.0823233616125626
b0968,b3034,0.0481769265676937
b4095,b1623,0.0797275604534479
b2822,b0962,0.0374569704831026
b0148,b2184,0.0372385995216239
b0774,b0774,0.0831911320514612
b4177,b4177,0.0727531281523135
b2379,b2379,0.0534263686164533
b1241,b3414,0.051925819253049
b0356,b2154,0.0852788707820276
b1746,b1525,0.0644795397652564
b1300,b1300,0.0696698833474315
b2834,b2834,0.0476328677038575
b3879,b2544,0.0499503437001575
b0383,b0383,0.0693232201031893
b3570,b1326,0.0721945989706726
b1204,b0191,0.0598009656431605
b1263,b3360,0.0626291790668163
b1463,b1463,0.0639818029499658
b3801,b3801,0.080063766233402
b0674,b3744,0.0691073092228326
b2957,b1767,0.0597675407970833
b0131,b0131,0.0573605014844687
b4024,b0695,0.0631750131828822
b3973,b3973,0.08122355404348
b3770,b1096,0.0575008266656303
b3665,b3942,0.0678218188341712
b3867,b2436,0.0513173237228126
b0147,b0147,0.0587483318649306
b3032,b3032,0.0526611641216135
b3591,b3591,0.0650000228561608
b3518,b3518,0.0864239525816988
b3431,b3431,0.0636146487653584
b4381,b4381,0.0842117539224618
b0103,b0103,0.0495213438163093
b1593,b1288,0.0576428855026147
b4042,b4042,0.0408863370251062
b1584,b3550,0.0415174231238703
b1606,b0048,0.0593412926317899
b0116,b0116,0.0743895010409961
b3058,b3058,0.046072669495773
b2147,b1614,0.0636730233788348
b0578,b0578,0.0673245935911785
b3177,b3177,0.0810105352354564
b2146,b2147,0.088747031645449
b3771,b3771,0.0687947659934093
b2251,b2251,0.0868641824407193
b0043,b0043,0.074657987454612
b3424,b2568,0.0394775273281152
b0955,b0438,0.0537595510052317
b3898,b0932,0.0533127410197733
b1192,b0867,0.0489339297855838
b3396,b3396,0.0531864103886777
b2717,b2717,0.0623882012987066
b4043,b3234,0.0364795471441631
b1387,b1393,0.0658361615174434
b2502,b2744,0.0860059554495961
b1092,b1092,0.0809194460863802
b1091,b2323,0.0716301986489042
b1288,b1288,0.0576428855026147
b0475,b0475,0.0506532111823675
b2315,b2315,0.0642229630016429
b2925,b2925,0.0827899416569086
b0758,b0757,0.0708309243376168
b2388,b2388,0.0589999809096597
b3718,b0677,0.0514064278366701
b1852,b1852,0.0773391684553705
b4025,b4025,0.0742216384959117
b0242,b0242,0.0881322464381732
b0243,b0243,0.0769231126566079
b0581,b0444,0.0407629374202666
b1524,b1524,0.0511678383395453
b3500,b3500,0.0755913554697476
b2947,b3447,0.0641614896544524
b3229,b3592,0.04670510193979
b1779,b1779,0.0512525945540246
b3059,b4041,0.0503742651826908
b3608,b3608,0.0526302904257604
b1200,b1199,0.0734351256835555
b3429,b3429,0.0774998133243444
b3648,b3648,0.0599464538761571
b3783,b4052,0.0582449563631376
b0394,b0394,0.050777593230113
b3940,b3940,0.0655115758084897
b0927,b0927,0.0592860257594649
b3805,b0154,0.0607007660908364
b4226,b4226,0.0733447976014739
b0307,b0308,0.0860807773249006
b1651,b1651,0.061732998075235
b2049,b2688,0.0725502221843138
b1613,b1613,0.0778408856555261
b0529,b2912,0.0646852338999325
b3288,b3288,0.0756536268010551
b2919,b2919,0.0685208385902318
b2917,b2917,0.0744578956899017
b3029,b0662,0.0451169120967637
b0109,b0109,0.0492680932760629
b0639,b0639,0.0834230426350714
b0931,b0931,0.0734948245299295
b3130,b2831,0.0484515260997364
b1340,b1340,0.0866570611386057
b1724,b1084,0.0678481622462544
b0183,b0214,0.0553022703112503
b2567,b2567,0.0648591975070537
b3643,b1844,0.0442041088807822
b2945,b2945,0.0751203113798311
b2268,b2268,0.0454596256296063
b1266,b2291,0.0415422453147199
b3719,b3825,0.0448138446627563
b1197,b3519,0.076136011096877
b1927,b1927,0.0864932679549605
b0403,b0403,0.0514501807498195
b0732,b0732,0.0670574911017588
b1617,b1617,0.0635933543694359
b2965,b2965,0.047123538272135
b3642,b3642,0.0612137902868993
b1281,b4196,0.0417389389228088
b0133,b0425,0.0536522464950644
b3974,b0103,0.0495213438163093
b3634,b3634,0.059270493242455
b1427,b3550,0.0415174231238703
b2989,b2195,0.0439110707567087
b1710,b1710,0.0598804849146265
b1409,b0418,0.0426014665306704
b4160,b4160,0.0465530686934502
b0688,b0688,0.0578762584813744
b0509,b1779,0.0512525945540246
b2926,b2926,0.0716028113693371
b4395,b4395,0.0628375258545525
b0494,b0494,0.0448916634745682
b1234,b3825,0.0448138446627563
b3821,b2436,0.0513173237228126
b0789,b0789,0.0687075176958258
b3639,b3639,0.0684627739353347
b4382,b4382,0.0868180880825514
b4055,b4388,0.0479221803346974
b0143,b0143,0.0585258077500713
b3164,b3164,0.0570565612012784
b0369,b0369,0.0618930361818283
b3187,b3187,0.0483527697636018
b3835,b0662,0.0451169120967637
b4125,b3813,0.0474048112167254
b2415,b3859,0.0602784844113454
b2743,b2743,0.0467318898046332
b3668,b3404,0.0477831745373624
b1411,b1411,0.0686071123750857
b3850,b3850,0.0595712138394006
b2407,b1740,0.0672544261514399
b1638,b2418,0.0555285342183659
b0386,b0386,0.0410592529662651
b1854,b1854,0.0732089974786562
b1662,b0025,0.0526761493704915
b3752,b2100,0.0503271677224401
b2676,b3610,0.0655132645756609
b4301,b3386,0.0502780939169159
b2914,b2100,0.0503271677224401
b1764,b1764,0.0467948312237862
b0388,b3389,0.0683276237685896
b0121,b2965,0.047123538272135
b0728,b2210,0.0731112490335762
b2661,b1525,0.0644795397652564
b0888,b0888,0.0821499443875007
b1308,b2668,0.0480726137507652
b3772,b3772,0.0683708627887498
b1098,b1098,0.0556547598147077
b2827,b2827,0.0489070100170775
b0008,b4196,0.0417389389228088
b2465,b3386,0.0502780939169159
b3484,b0228,0.0757788793760626
b4190,b4190,0.0481417350341452
b3919,b2930,0.0496262663425753
b0423,b3056,0.0437830728057041
b0526,b0526,0.0708983905211878
b2697,b2697,0.0644846282002939
b3559,b3559,0.0528412083460783
b0930,b0930,0.0719198476127192
b2400,b2400,0.0453624959268914
b0680,b0680,0.0887095052903333
b2514,b2514,0.0568607003614281
b0642,b0642,0.0451353208312414
b4129,b3038,0.055688839071907
b2114,b2114,0.0773830982402681
b1713,b1714,0.0800463244180022
b0194,b0194,0.0671110423164146
b0893,b1764,0.0467948312237862
b3384,b3384,0.0809019602270835
b2580,b3068,0.0602721852254708
b2066,b3355,0.0542820611238826
b3803,b3803,0.0535466048133093
b3804,b3804,0.0463312621332809
b3997,b2400,0.0453624959268914
b2866,b3492,0.0441962462169617
b3564,b0394,0.050777593230113
b3204,b3204,0.0447846498717143
b2520,b2520,0.0524774981361011
b1951,b3529,0.0498224980151606
b3966,b0158,0.0476105913281133
b1591,b0492,0.0524532966351864
b3866,b3866,0.0514096709808495
b1080,b2528,0.0559427111847973
b0067,b0818,0.0531203101451913
b2389,b0155,0.0415921756683941
b1592,b0155,0.0415921756683941
b3196,b0961,0.0663964951517619
b3849,b3849,0.0449157790255047
b3089,b3089,0.0837000861379776
b4111,b4111,0.0791661608465765
b2682,b0401,0.0609621886497908
b4020,b4020,0.0550411983024796
b0914,b0914,0.0614500476769963
b2406,b0055,0.0379539217108001
b2552,b2552,0.0682579839324474
b4064,b4064,0.0678151710920064
b3224,b3899,0.0619618691517229
b4034,b1621,0.0815710079951131
b3040,b3915,0.0396498327551522
b4476,b4476,0.0717427010535283
b3990,b4146,0.0400299831012149
b1386,b3781,0.0414037651275052
b1711,b3339,0.036843390589445
b3469,b2184,0.0372385995216239
b2498,b3339,0.036843390589445
b0028,b0028,0.0578193790160966
b4320,b0533,0.0799488574479046
b2898,b2898,0.0681045920558744
b0182,b3019,0.0390292237180057
b3193,b3191,0.0451987779287547
b0611,b3929,0.0498990522541638
b1316,b2963,0.0552509467875506
b3131,b2709,0.0421054902464237
b0304,b2542,0.056870886139062
b4362,b4362,0.0485178551417763
b1973,b3234,0.0364795471441631
b2610,b2610,0.0783275136450571
b4108,b2495,0.0368856875274702
b3247,b3247,0.0500291483091782
b4336,b3339,0.036843390589445
b3916,b3916,0.0563555388803929
b2903,b0116,0.0743895010409961
b3417,b0403,0.0514501807498195
b4232,b2930,0.0496262663425753
b4241,b4241,0.0516969047457022
b4239,b3519,0.076136011096877
b3946,b0825,0.0748454308916585
b2168,b4232,0.0791777445972617
b2805,b2805,0.0659438672095756
b0902,b2544,0.0499503437001575
b3612,b3916,0.0563555388803929
b3532,b1956,0.0678672109911185
b2837,b2837,0.0481540624576391
b4094,b4094,0.0587455207463576
b2533,b2533,0.0657524162027755
b1640,b1640,0.0670821405158417
b1119,b1119,0.0578525754564633
b3222,b3222,0.08126285633585
b3425,b2930,0.0496262663425753
b2297,b2296,0.0750321787084493
b2920,b2920,0.065326580453809
b2296,b2296,0.0750321787084493
b0871,b1677,0.0600381243538891
b4018,b0506,0.047689372801924
b0729,b2897,0.0816592177096087
b1799,b3236,0.0749406450693015
b3236,b3236,0.0749406450693015
b2236,b2236,0.075108609361976
b3407,b2949,0.0620364982472836
b0517,b0030,0.0690470224029138
b2867,b0662,0.0451169120967637
b0030,b4384,0.0680163684406082
b1623,b1623,0.0797275604534479
b1658,b4177,0.0727531281523135
b0125,b0125,0.0513144216056952
b2781,b3248,0.0657829100792339
b2870,b4196,0.0417389389228088
b1011,b1539,0.0787572432586862
b0171,b1098,0.0556547598147077
b3355,b3355,0.0542820611238826
b3640,b2291,0.0415422453147199
b2065,b2065,0.0557414520796517
b2518,b2780,0.0722439676226581
b1238,b4162,0.0542057808157327
b0892,b4362,0.0485178551417763
b0467,b3935,0.0588599438303597
b3701,b4361,0.0595696806860477
b1610,b1610,0.0875218890389605
b3702,b3702,0.0779332194161912
b2894,b3019,0.0390292237180057
b1749,b3549,0.0390310609633677
b2831,b2831,0.0484515260997364
b2212,b3549,0.0390310609633677
b4313,b0962,0.0374569704831026
b3243,b3202,0.0535936650521706
b3569,b3010,0.0401325644647335
b1413,b0143,0.0585258077500713
b2791,b2268,0.0454596256296063
b4539,b2830,0.0498459966324086
b4375,b1211,0.053890782213774
b3705,b3649,0.0743842692327079
b0167,b0657,0.0490622271792006
b1766,b2568,0.0394775273281152
b2734,b3404,0.0477831745373624
b4019,b2743,0.0467318898046332
b0161,b0955,0.0541294757165853
b1127,b1538,0.0859704319351362
b3708,b2812,0.0383493352846142
b1190,b4053,0.0572671257979149
b3237,b3957,0.0648349687612316
b1748,b2938,0.0575058394554264
b4054,b1096,0.0575008266656303
b3607,b3607,0.0583591826189816
b2468,b1524,0.0511678383395453
b0223,b0223,0.0410935025720609
b0048,b0870,0.0515895446006093
b4131,b0186,0.0828380507904349
b3616,b4388,0.0479221803346974
b2551,b4019,0.062518506986497
b3113,b3772,0.0683708627887498
b3114,b0870,0.0515895446006093
b3609,b0053,0.051118631663111
b3464,b3464,0.0770590174507421
b1701,b2836,0.0430477076543461
b3963,b1094,0.0457948491968889
b0452,b0452,0.0703738883958172
b1461,b3039,0.0842848582898526
b1232,b0048,0.0593412926317899
b2501,b2501,0.0795816342349339
b2303,b2303,0.081677356006306
b1768,b1768,0.0601669178635819
b1106,b4394,0.0434456915144295
b2206,b0781,0.0625650329007038
b2425,b0155,0.0415921756683941
b1919,b1919,0.0716429276145356
b3779,b3779,0.0695312257144779
b1429,b1429,0.0528526769686405
b1250,b3234,0.0364795471441631
b1186,b3915,0.0396498327551522
b0400,b3726,0.060186585772533
b2246,b3667,0.0591356759840271
b0155,b0155,0.0415921756683941
b2392,b3915,0.0396498327551522
b3927,b0875,0.0628514104180338
b1985,b2076,0.0470678308504686
b2968,b2968,0.0707120293151142
b3823,b2128,0.0600579074938502
b3915,b3915,0.0396498327551522
b0573,b3822,0.0596268156474603
b2529,b3915,0.0396498327551522
b1905,b1902,0.0834783483968186
b0019,b3258,0.0650659803721533
b0607,b2218,0.043644278176416
b1896,b3368,0.0582228616471408
b3831,b1114,0.0404518550762541
b3908,b2907,0.0508303492142024
b1857,b3234,0.0364795471441631
b1887,b2533,0.0657524162027755
b0695,b0695,0.0631750131828822
b1679,b2811,0.0448092274635683
b1066,b3790,0.0538086530548154
b2733,b4389,0.0408700475611585
b3308,b3308,0.0649665340461132
b3003,b0493,0.0421418175575168
b4219,b4219,0.0768172677773209
b0476,b0476,0.0485779878014748
b3439,b3439,0.0468743817835666
b1109,b2487,0.061130123040321
b0623,b2576,0.0827996343540875
b0464,b0149,0.0434720658298682
b0880,b3702,0.0779332194161912
b3287,b1128,0.0457238937849552
b3807,b3891,0.0575119215822212
b2988,b2988,0.0629553828203482
b3235,b3234,0.0364795471441631
b0193,b1655,0.0709012703307219
b2908,b4260,0.055049816216988
b1807,b2472,0.0420484542835586
b4374,b0675,0.0610275049382562
b2744,b0675,0.0610275049382562
b3068,b3068,0.0602721852254708
b0397,b0397,0.080809180585087
b3209,b3209,0.0482916580350985
b3685,b3290,0.0655090572947823
b1022,b1022,0.089142521636083
b2480,b0605,0.0580370965070825
b1330,b2218,0.043644278176416
b2892,b2892,0.0610019827611617
b0038,b0038,0.0785092346104873
b4040,b4040,0.0658051153357546
b0099,b0099,0.0755611356049658
b3721,b2901,0.0456400923145189
b2232,b2232,0.0473760615416884
b3929,b3929,0.0498990522541638
b2053,b2053,0.0859099706351392
b0677,b0677,0.0514064278366701
b3788,b3788,0.0491792200793261
b2162,b3399,0.0527273673423379
b1636,b2418,0.0555285342183659
b3572,b2965,0.047123538272135
b3678,b3678,0.0721792116408259
b4356,b2789,0.0727315564662183
b0696,b0696,0.0707003150657958
b0449,b0449,0.0482406930448806
b3329,b1209,0.0527912580601325
b4463,b1094,0.0457948491968889
b2564,b2564,0.0512153685237301
b2812,b2812,0.0383493352846142
b3450,b3415,0.0614695551519644
b3179,b3179,0.0730503607312103
b2252,b1279,0.054932479506051
b1090,b4042,0.0408863370251062
b0101,b2009,0.0838348301435787
b0420,b0420,0.0776138215125136
b4213,b4213,0.064160191351961
b0166,b0166,0.0625781122076974
b3081,b3081,0.0840091784240853
b3693,b3693,0.0893129615505547
b1850,b1850,0.0658340379178658
b0425,b0425,0.0536522464950644
b2842,b2842,0.0856012875437413
b2907,b2907,0.0508303492142024
b0662,b0662,0.0451169120967637
b3041,b3041,0.0601299240135171
b0918,b0918,0.0588808825038396
b1395,b1395,0.07151601650458
b0954,b0180,0.0652378937694641
b3843,b2311,0.068412256327614
b2542,b0349,0.0536182594701902
b1096,b1096,0.0575008266656303
b0414,b0414,0.0815357085658243
b1734,b2901,0.0456400923145189
b3619,b3619,0.0504197161625438
b3623,b3621,0.0523744233941729
b1982,b1982,0.0720319152714657
b3918,b3918,0.0878370178638879
b0092,b0381,0.0481127918170893
b1380,b1380,0.0845748422169419
b2051,b2051,0.072521612405959
b3650,b3650,0.0852892429552483
b3062,b3062,0.0826315101181396
b0870,b0870,0.0515895446006093
b0035,b0039,0.0596961680251992
b2802,b2802,0.0811912719189825
b2803,b2803,0.0670018497017643
b3583,b4198,0.0534815396377735
b3589,b3589,0.0810060578948049
b4169,b2435,0.0472390385230131
b1007,b1412,0.0601664060757901
b3028,b3028,0.0514558698967522
b2260,b2260,0.0669999031135667
b1430,b2232,0.0473760615416884
b0524,b0524,0.0607031712760646
b0096,b0096,0.0704099045272726
b3189,b3189,0.0720401252430812
b3786,b3786,0.0678290826198205
b0091,b0091,0.0772909778684188
b0086,b0086,0.0779741569877706
b0404,b0404,0.0594985690201052
b3115,b2296,0.0750321787084493
b3957,b3957,0.0648349687612316
b2836,b2836,0.0430477076543461
b0181,b0181,0.0795752328234947
b3198,b3198,0.0453333544454145
b0159,b0159,0.046152334686234
b4090,b4090,0.0653430480091225
b4084,b4084,0.0759766963308645
b3091,b3091,0.046153231126525
b2938,b2938,0.0575058394554264
b2495,b2495,0.0368856875274702
b0049,b0049,0.0657712923524699
b4328,b0828,0.0722386864620123
b4150,b0632,0.0868600654978061
b2690,b2690,0.0824691325727606
b0311,b0311,0.0854981235053448
b0521,b2874,0.0623226714502696
b1046,b0789,0.0687075176958258
b3531,b3531,0.0548060293700757
b4039,b4039,0.0586054609330414
b2459,b1270,0.0544588010392509
b1992,b1992,0.0562892370656038
b1993,b1993,0.062286387428814
b2755,b2798,0.0571267135286664
b2838,b2838,0.0627199329707068
b3809,b3809,0.055059507458149
b2871,b2871,0.0876572400416966
b0031,b0031,0.0810116667909064
b2478,b2472,0.0420484542835586
b2440,b2440,0.0477562093537782
b2011,b2011,0.0520148207977049
b2509,b2509,0.0739649108335086
b1501,b4079,0.0751676819881786
b3128,b3128,0.0805127191173222
b2787,b2787,0.0463823505791236
b3553,b1033,0.0573215709213769
b4266,b4266,0.074329165238153
b0124,b0124,0.0688517484389899
b3430,b3430,0.0698106227510221
b3789,b3789,0.0857599043694042
b3092,b3091,0.046153231126525
b3967,b3967,0.0784283887335325
b1210,b1210,0.0874970326804548
b2239,b3449,0.055656212965
b0583,b3475,0.0600438550226467
b2997,b2994,0.0731368387797996
b2418,b2418,0.0555285342183659
b2739,b0508,0.0777053235799982
b0477,b0477,0.0880559693691974
b2265,b2265,0.0521204632827467
b2799,b2799,0.0721251785274312
b1054,b1054,0.0425441977859493
b0885,b0885,0.0453861367666677
b3626,b3631,0.088558244391954
b3621,b3621,0.0523744233941729
b2210,b2210,0.0731112490335762
b0459,b0459,0.0793879039000143
b0963,b0963,0.0746229045955769
b1193,b1193,0.0705795673829984
b2262,b2262,0.0782809030652237
b2373,b2373,0.0797743767798655
b2828,b4386,0.0423634117274538
b2560,b0418,0.0426014665306704
b0087,b3784,0.0746537255684004
b2383,b2829,0.0560283756887049
b3176,b3176,0.0719283160421868
b3385,b0155,0.0415921756683941
b2340,b2340,0.0781648505862267
b3380,b4394,0.0434456915144295
b0537,b0537,0.0809914331647155
b4240,b3204,0.0447846498717143
b3499,b3499,0.0578315700157754
b1822,b1822,0.0500764804666039
b0948,b4371,0.0551684626150406
b1084,b1084,0.0678481622462544
b4179,b4179,0.0572471045906221
b4238,b4238,0.077335131307999
b0635,b0149,0.0434720658298682
b2472,b2472,0.0420484542835586
b1521,b1521,0.0620080047374944
b0915,b0915,0.0632989970255303
b0417,b0417,0.0513347193143472
b3565,b3565,0.0861690623492982
b2868,b2895,0.0416241094013324
b3379,b0476,0.0485779878014748
b2876,b1464,0.0496187324403029
b0996,b2611,0.047592068745662
b2788,b2788,0.066918316937749
b3773,b3772,0.0683708627887498
b3938,b3828,0.0611760635944299
b0001,b3940,0.0655115758084897
b2839,b2472,0.0420484542835586
b2319,b3772,0.0683708627887498
b2253,b3339,0.036843390589445
b0630,b0628,0.0643991087501563
b2311,b2311,0.068412256327614
b1813,b1813,0.0398464631008616
b1207,b0048,0.0593412926317899
b0196,b3147,0.0477628634950571
b2037,b3784,0.0746537255684004
b3173,b0200,0.0401841271010398
b3793,b3794,0.0472100856833249
b4359,b1049,0.0693851380997133
b2132,b2901,0.0456400923145189
b4383,b4381,0.0842117539224618
b1838,b0437,0.0633248540137807
b4354,b2781,0.067993767647817
b0149,b0149,0.0434720658298682
b3145,b0943,0.0643828159073668
b0959,b0959,0.0503104703422916
b2767,b4473,0.0433258222323219
b1712,b3019,0.0390292237180057
b0139,b3391,0.0703052186701879
b2048,b2049,0.0734887879011355
b4220,b4220,0.0487802262491908
b4348,b1961,0.0591071053453778
b1047,b1047,0.0774219038399566
b1465,b1467,0.069502703911036
b3894,b4079,0.0751676819881786
b3426,b3608,0.0526302904257604
b0640,b3701,0.061527802964735
b3025,b3025,0.0559170608907131
b2722,b2719,0.0650470448358333
b3932,b3931,0.0662949889094796
b1861,b1860,0.0484505075015824
b0779,b1913,0.0504146193571989
b0967,b4371,0.0551684626150406
b1587,b0896,0.0684560644331642
b0896,b0896,0.0684560644331642
b0110,b0867,0.0489339297855838
b1220,b4179,0.0572471045906221
b0947,b0947,0.0479455851282942
b3153,b1759,0.0454463258553721
b3001,b3001,0.078399952041618
b0341,b0341,0.0663097821402196
b1525,b1525,0.0644795397652564
b1895,b0890,0.0598502368240515
b2413,b0155,0.0415921756683941
b2795,b2795,0.0761139773008172
b0080,b0080,0.0894538349679057
b1621,b1621,0.0815710079951131
b4136,b2195,0.0439110707567087
b2216,b2786,0.057745523005142
b0365,b0605,0.0580370965070825
b0112,b3839,0.0563204655514137
b0108,b2779,0.0701961284060215
b2924,b0875,0.0628514104180338
b0054,b0054,0.0743776972951252
b2258,b0845,0.0463719422857422
b1821,b1821,0.0681278978281468
b0752,b3915,0.0396498327551522
b3481,b0659,0.04986754687931
b3414,b3414,0.051925819253049
b2291,b2291,0.0415422453147199
b3935,b0962,0.0374569704831026
b1129,b1129,0.0735461555844649
b0367,b1919,0.0716429276145356
b2939,b3029,0.055049412098489
b0145,b2321,0.0560694184319442
b0437,b0437,0.0633248540137807
b2184,b2184,0.0372385995216239
b1285,b1831,0.0791876299537028
b2687,b0159,0.046152334686234
b3912,b3912,0.0499900477390512
b1209,b1209,0.0527912580601325
b2209,b2520,0.0524774981361011
b3035,b3485,0.0516615399890822
b1534,b1294,0.0439629480812198
b2711,b2711,0.0777795302102562
b0929,b0491,0.0465173903865079
b3747,b3290,0.0655090572947823
b3816,b3816,0.0645976692014126
b0764,b0764,0.0705163054559126
b0624,b0624,0.0785661881136193
b4296,b2740,0.0597613969698352
b2975,b2975,0.0785787440246147
b3093,b3093,0.0877226045104657
b3528,b1206,0.0736184180361236
b2546,b4086,0.0678228733218544
b2841,b4460,0.0836469492308445
b0983,b0983,0.065837980532873
b2240,b4020,0.0550411983024796
b1907,b1907,0.0691647887363959
b2014,b0402,0.0419863443117003
b1729,b1917,0.0749306705484296
b0401,b0401,0.0609621886497908
b3458,b0401,0.0609621886497908
b0069,b1294,0.0439629480812198
b4464,b4464,0.0652435009973313
b2497,b1006,0.0829456407015565
b3662,b3662,0.0777589761282085
b1006,b1006,0.0829456407015565
b3199,b3201,0.0504068964861832
b0040,b0040,0.0863786433567713
b2196,b2196,0.0654248712840301
b3258,b3258,0.0650659803721533
b0377,b2178,0.0530817160101189
b2888,b0010,0.0538185658468627
b3876,b2587,0.0825373021846613
b0047,b2568,0.0394775273281152
b2076,b2076,0.0470678308504686
b4130,b4130,0.066086190371114
b1252,b1252,0.0745399636266078
b1451,b0150,0.0776567131395939
b0010,b0010,0.0538185658468627
b0961,b0961,0.0663964951517619
b4065,b3849,0.0449157790255047
b4485,b1900,0.0887272160210102
b0262,b0262,0.0868845666438169
b0366,b0366,0.0768975976928192
b0763,b0765,0.0581114321226397
b3478,b3480,0.0684990550611161
b3727,b3726,0.060186585772533
b1124,b1124,0.0683152606029312
b1244,b4130,0.066086190371114
b3271,b3271,0.0566823436272818
b0652,b0864,0.0719562840615489
b3201,b3201,0.0504068964861832
b2201,b2201,0.0847907660984618
b3175,b0409,0.0682057534723678
b0098,b3839,0.0563204655514137
b1319,b1319,0.085664937244378
b2492,b3009,0.050299032434275
b3653,b3653,0.0813593670457026
b2347,b2347,0.071020155478045
b0353,b0353,0.0645128483418892
b4080,b4080,0.0720192141807304
b3227,b4138,0.0788894518358261
b0813,b0813,0.0591403638360329
b4304,b4304,0.081897355354244
b1126,b0857,0.0600162552088759
b1600,b1599,0.076801097630424
b3567,b3567,0.0819753679409129
b0587,b3915,0.0396498327551522
b0151,b0151,0.0497924565010949
b3331,b0106,0.0572839094818058
b1246,b1246,0.0871793755104355
b0089,b1069,0.0448248590198982
b0007,b0007,0.0710966828613639
b0761,b0761,0.0677574145769692
b1469,b0155,0.0415921756683941
b2789,b2789,0.0727315564662183
b4101,b4102,0.0847670017076176
b0463,b0463,0.0735581196037611
b0621,b4138,0.0788894518358261
b3875,b1621,0.0815710079951131
b3566,b3567,0.0819753679409129
b4031,b3567,0.0819753679409129
b4230,b4231,0.0888164460033993
b4032,b1621,0.0815710079951131
b3599,b3599,0.0638163831373079
b4077,b1206,0.0736184180361236
b2306,b2306,0.0865012322425562
b1015,b4111,0.0791661608465765
b0433,b0433,0.0529915679767197
b0692,b0857,0.0600162552088759
b4193,b4194,0.0619960936930558
b2197,b2196,0.0654248712840301
b3192,b3191,0.0451987779287547
b0474,b1982,0.0720319152714657
b3983,b3983,0.0791838977099439
b3731,b3737,0.0823904487456371
b0429,b2276,0.068488568833027
b3732,b3737,0.0823904487456371
b3781,b3781,0.0414037651275052
b4377,b3821,0.0586480618732268
b3428,b3581,0.0544255859564422
b0029,b0029,0.0413727101923496
b4016,b3430,0.0698106227510221
b3259,b3259,0.050861008705708
b1400,b1400,0.0677754736785175
b1410,b1410,0.0692856829974533
b3404,b3404,0.0477831745373624
b3057,b0200,0.0401841271010398
b0823,b2058,0.0732500336925241
b0657,b0657,0.0490622271792006
b0859,b0859,0.0629381198482168
b3152,b3152,0.0515236545202146
b1449,b3787,0.0598501581811827
b2324,b2324,0.0553922828908375
b1462,b1462,0.0724769893269817
b2485,b2485,0.0587260506033098
b1412,b1412,0.0601664060757901
b2282,b1412,0.0601664060757901
b2710,b2711,0.0777795302102562
b1971,b1971,0.0632728340362929
b1019,b1019,0.0744343503783372
b0605,b0605,0.0580370965070825
b3160,b0662,0.0451169120967637
b0804,b1128,0.0457238937849552
b1802,b0349,0.0536182594701902
b3017,b0094,0.0457023072219089
b1870,b2712,0.0570272679395532
b1428,b1428,0.0726169116465257
b1678,b0885,0.0453861367666677
b2044,b3620,0.0640652748502014
b3533,b3794,0.0472100856833249
b3208,b3208,0.0584752427390574
b1871,b1871,0.0639753906195505
b4112,b4112,0.0531339274393774
b0766,b3374,0.0495696205347075
b2254,b3784,0.0746537255684004
b3991,b3345,0.0523259652899544
b2521,b2521,0.0650239409534212
b1744,b2473,0.0684047231860918
b1967,b0686,0.0654486516395063
b0446,b0446,0.0437475756188621
b3847,b3847,0.0577784555377694
b3614,b0657,0.0490622271792006
b2873,b2873,0.0899494347866777
b2299,b2299,0.075800185018507
b1441,b3746,0.0677664520596286
b2738,b4198,0.0534815396377735
b1812,b1812,0.0414892499477327
b2428,b2428,0.0839344259035293
b0036,b2261,0.0692694330209597
b2777,b2777,0.0681898072057248
b0769,b3058,0.046072669495773
b4474,b2804,0.0532120015711709
b3136,b3197,0.0474594739293193
b2786,b2786,0.057745523005142
b4146,b4146,0.0400299831012149
b0037,b0037,0.078641095395982
b4155,b4155,0.0656137648144742
b4233,b4233,0.0835257516727869
b4225,b4225,0.0701963494146528
b0837,b0124,0.0688517484389899
b4070,b2710,0.0791401255676958
b4386,b4386,0.0423634117274538
b4295,b3202,0.0535936650521706
b3995,b0015,0.0641465936703008
b2199,b2199,0.073361920271758
b2214,b2214,0.0731209276943787
b3074,b3074,0.0772520290438013
b4394,b4394,0.0434456915144295
b3813,b3813,0.0474048112167254
b3822,b3822,0.0596268156474603
b3203,b3341,0.0648642339126519
b4373,b3550,0.0415174231238703
b2563,b3475,0.0600438550226467
b1113,b0819,0.0693766363876168
b2530,b2530,0.086297822974513
b0827,b0009,0.0644701655858942
b0835,b0835,0.0650410342100917
b1212,b1212,0.0636288403625006
b4076,b4075,0.0684647723535908
b3011,b0207,0.0573849804491435
b2541,b2541,0.0806988201700739
b2154,b2154,0.0852788707820276
b0349,b0349,0.0536182594701902
b0781,b0781,0.0625650329007038
b4173,b4173,0.0838945978171452
b4143,b4143,0.0842084907547739
b1855,b1855,0.0513868963844902
b2264,b2264,0.065339457950729
b3397,b3034,0.0481769265676937
b2708,b3197,0.0474594739293193
b2979,b4467,0.0862910125416043
b2700,b2700,0.0486879568308372
b2906,b2906,0.0472067622363325
b3791,b3791,0.0523787218302562
b1733,b0096,0.0704099045272726
b1187,b1187,0.0445630530279996
b2879,b4243,0.0763738346447511
b1270,b1270,0.0544588010392509
b3223,b0677,0.0514064278366701
b0313,b0311,0.0854981235053448
b3902,b3386,0.0502780939169159
b3582,b4197,0.0512676754217648
b2202,b2202,0.065889210185286
b2763,b0386,0.0410592529662651
b3368,b3368,0.0582228616471408
b3887,b3887,0.0534876726011636
b4264,b3553,0.0595200916453623
b2800,b2803,0.0670018497017643
b2172,b2172,0.0552791171837973
b1397,b1397,0.0721208319706015
b0347,b0349,0.0536182594701902
b1590,b4073,0.0652621953591293
b4384,b4384,0.0680163684406082
b4096,b4092,0.0650371869055354
b1123,b1123,0.0780895744316342
b2899,b2899,0.0847142233634579
b0884,b0051,0.0444283774152654
b4197,b4196,0.0417389389228088
b0207,b0207,0.0573849804491435
b1110,b0867,0.0489339297855838
b3475,b3475,0.0600438550226467
b1709,b3463,0.047378734885674
b2698,b1105,0.0514583868274806
b3096,b3096,0.0687493781511935
b0231,b0231,0.0558032084952144
b4428,b2912,0.0646852338999325
b4203,b3986,0.0512884348584993
b4159,b4159,0.0671707114325541
b2933,b2715,0.0481959935113511
b2387,b3899,0.0619618691517229
b0723,b1632,0.0562829946949234
b0724,b0029,0.0413727101923496
b2451,b2743,0.0467318898046332
b2935,b1813,0.0398464631008616
b3690,b3690,0.084672297249169
b4484,b0970,0.0727659906793641
b0881,b0885,0.0453861367666677
b2553,b3147,0.0477628634950571
b1677,b1677,0.0600381243538891
b0090,b0090,0.0827901563797777
b0922,b0924,0.0462493858322762
b2912,b2912,0.0646852338999325
b0737,b0737,0.0699750062620779
b0470,b0470,0.0691372642417885
b0785,b0781,0.0625650329007038
b0913,b0959,0.0503104703422916
b2314,b3388,0.0456086833486586
b3357,b3357,0.0537934267613504
b0772,b3032,0.0526611641216135
b0173,b0173,0.0691720266884605
b0838,b0838,0.0795150845255375
b4337,b0842,0.0667108468046797
b1782,b3163,0.0667600019418769
b3965,b3965,0.068206228065627
b1519,b3833,0.0608432107971743
b3649,b3649,0.0743842692327079
b1128,b1128,0.0457238937849552
b0058,b0058,0.0552636101484126
b1539,b1539,0.0787572432586862
b0595,b1094,0.0457948491968889
b3736,b3736,0.0880994496860684
b1225,b0695,0.0631750131828822
b2195,b2195,0.0439110707567087
b1023,b0741,0.0897168117453606
b4237,b4237,0.0768680454823445
b0115,b2904,0.088943712757243
b4191,b0368,0.069227604749836
b0158,b0158,0.0476105913281133
b3406,b3406,0.0631678775766506
b2130,b2128,0.0600579074938502
b2462,b2439,0.0613810572616439
b0189,b0189,0.0639806762932068
b3459,b3459,0.0580194243973177
b1235,b1235,0.0745092765625258
b2380,b2380,0.066222446969559
b2107,b2106,0.0676885486354863
b0418,b0418,0.0426014665306704
b2896,b2896,0.0765860075005866
b3834,b3834,0.0855297607992424
b1432,b1432,0.0516696576084567
b3149,b3149,0.049754142450829
b3157,b3157,0.0646306009348266
b3183,b3183,0.0737546393859935
b3745,b3745,0.0586023169612696
b3982,b3406,0.0631678775766506
b1424,b1048,0.0626803000912341
b4557,b2512,0.0634701889956091
b4093,b4093,0.0645073730519347
b0006,b0006,0.0525255465763839
b0962,b0962,0.0374569704831026
b3070,b3070,0.0685952184274494
b0584,b0605,0.0580370965070825
b0887,b0832,0.0472473908587091
b0627,b3839,0.0563204655514137
b1767,b1767,0.0597675407970833
b2342,b2342,0.0718575283559174
b2798,b2798,0.0571267135286664
b1831,b3162,0.078589113655208
b0890,b0890,0.0598502368240515
b2794,b2794,0.0653125027287289
b1778,b1778,0.0894668270139824
b3551,b3551,0.0672709758437425
b2995,b0383,0.0693232201031893
b3052,b0200,0.0401841271010398
b3826,b0766,0.0762442688534903
b1804,b1804,0.0493048216262868
b1298,b1298,0.0868143922504402
b4196,b4196,0.0417389389228088
b4478,b3693,0.0893129615505547
b0200,b0200,0.0401841271010398
b1069,b1069,0.0448248590198982
b3547,b0491,0.0465173903865079
b1344,b1344,0.0677933064795173
b2452,b2452,0.0662090733988011
b3699,b3699,0.0656210279970939
b2830,b2830,0.0498459966324086
b0851,b1650,0.0823184560257672
b4162,b4162,0.0542057808157327
b2922,b1663,0.0601485843129131
b0014,b0015,0.0641465936703008
b0750,b0109,0.0492680932760629
b0832,b0832,0.0472473908587091
b1333,b1218,0.0708787817840691
b3252,b3252,0.0601852584905399
b4085,b4085,0.077033363335126
b2528,b2528,0.0559427111847973
b2061,b0982,0.0704172154959178
b4192,b4192,0.0747884751916994
b1008,b1539,0.0787572432586862
b0661,b0835,0.0650410342100917
b2106,b2106,0.0676885486354863
b2378,b1054,0.0425441977859493
b2256,b2256,0.0850719115135461
b3248,b3248,0.0657829100792339
b1507,b1507,0.0687937315948197
b3497,b3497,0.0747101578496424
b3784,b3784,0.0746537255684004
b3163,b3163,0.0667600019418769
b4172,b4172,0.0852727410706625
b0424,b0015,0.0641465936703008
b2469,b2193,0.0570218883533783
b3811,b4260,0.055049816216988
b3802,b3802,0.0668912164418398
b0637,b3866,0.0514096709808495
b0053,b0053,0.051118631663111
b4071,b4070,0.084648011025493
b0154,b0154,0.0607007660908364
b2052,b3619,0.0504197161625438
b2804,b2804,0.0532120015711709
b1415,b2803,0.0670018497017643
b1034,b1034,0.0710917472929181
b3486,b3486,0.065640540438016
b1859,b1294,0.0439629480812198
b1554,b1554,0.0769597466506368
b3942,b3942,0.0678218188341712
b2320,b0052,0.0645962625556202
b0633,b3388,0.0456086833486586
b3125,b2787,0.0463823505791236
b0765,b0765,0.0581114321226397
b1663,b0879,0.0576467968558815
b2882,b2882,0.0788457021400583
b0879,b0879,0.0576467968558815
b0934,b0933,0.0605166545655515
b1433,b1433,0.0537280418912185
b3542,b1293,0.0625181487674279
b2365,b4208,0.0718496212815927
b1117,b1118,0.0511799308496162
b3824,b3824,0.0667182732376574
b2619,b0172,0.0646785576783041
b0970,b0970,0.0727659906793641
b2293,b2291,0.0415422453147199
b4015,b3432,0.0642854760455863
b2872,b0932,0.0533127410197733
b3743,b0447,0.0569969199830173
b0740,b0740,0.0679742907695225
b2793,b2793,0.0594808264906027
b3178,b3178,0.0619022240422137
b3610,b3610,0.0655132645756609
b3833,b3833,0.0608432107971743
b1304,b0476,0.0485779878014748
b0755,b0755,0.0830877270563611
b2427,b0239,0.0577930688872196
b2179,b2177,0.061663155527604
b4168,b4168,0.0515160623515504
b0170,b3866,0.0514096709808495
b0228,b0228,0.0757788793760626
b3778,b3778,0.0753233269828595
b3250,b3250,0.053901986336852
b2753,b4146,0.0400299831012149
b3911,b3911,0.0539876618488782
b0531,b0944,0.057038424976309
b3812,b0844,0.0659674279486277
b0179,b0179,0.0882424235449777
b3546,b3546,0.0875529758749341
b4259,b4259,0.0756599484958181
b0176,b0176,0.0685509696440314
b1378,b1378,0.0800636564153139
b3141,b3141,0.0875517935693936
b0481,b0481,0.0417635152725545
b3253,b3253,0.0550143546659074
b1058,b2218,0.043644278176416
b1953,b0155,0.0415921756683941
b1826,b2897,0.0816592177096087
b2667,b3010,0.0401325644647335
b3697,b3697,0.0598683974518888
b3290,b0662,0.0451169120967637
b1842,b0215,0.0609263190803704
b1879,b1879,0.0816838015644712
b1227,b1227,0.0817159026125129
b0215,b0215,0.0609263190803704
b0097,b0097,0.0737873671124116
b3737,b3737,0.0823904487456371
b2276,b2276,0.068488568833027
b2696,b3296,0.0758554413978137
b3228,b3228,0.0505568153703449
b2417,b2417,0.0671866668795176
b4298,b4298,0.0678021109643966
b3415,b3438,0.0456846453856331
b4265,b4266,0.074329165238153
b2366,b1919,0.0716429276145356
b3930,b3930,0.0531980620592777
b2515,b2515,0.0503342588881264
b1912,b0418,0.0426014665306704
b1865,b1812,0.0414892499477327
b1337,b1338,0.0830778311993679
b3502,b3501,0.0722730317515009
b0571,b1111,0.0553274329355995
b0150,b0150,0.0776567131395939
b3360,b1812,0.0414892499477327
b1280,b1280,0.0715050196015966
b2436,b2436,0.0513173237228126
b3733,b3737,0.0823904487456371
b1644,b1644,0.0670576662007666
b2712,b2712,0.0570272679395532
b0348,b0348,0.0649455081399233
b3844,b3844,0.0547549049387348
b3794,b3794,0.0472100856833249
b3449,b3449,0.055656212965
b3882,b3882,0.0625157019540757
b0443,b0494,0.0448916634745682
b3034,b3034,0.0481769265676937
b0905,b2781,0.067993767647817
b2927,b2927,0.0856960615756294
b0997,b0965,0.0742602608672043
b0721,b0124,0.0688517484389899
b3162,b3162,0.078589113655208
b3205,b3205,0.0603636610901627
b2381,b2381,0.0579126115586496
b2247,b2247,0.0704841652296281
b3880,b3882,0.0625157019540757
b2281,b2281,0.0857222023988595
b2166,b2166,0.0673225643486795
b3039,b3039,0.0842848582898526
b3054,b3054,0.0390815175391812
b0841,b3057,0.0435247815262172
b4297,b4297,0.0866269329030115
b0873,b0873,0.0816927367896632
b3399,b3399,0.0527273673423379
b1208,b1208,0.0796565735908386
b3353,b3353,0.0632563839910561
b0052,b0052,0.0645962625556202
b2016,b2304,0.041427649794968
b4292,b4292,0.0676075444715845
b2889,b0029,0.0413727101923496
b0405,b0405,0.066796778323728
b3510,b0055,0.0379539217108001
b0095,b0095,0.0825752319083372
b1535,b1025,0.0776793055731121
b0956,b3030,0.0578036530864769
b3361,b1174,0.0737615292162805
b1763,b1763,0.0600935010443232
b1703,b1703,0.0660135920239757
b2742,b2742,0.0587286830287833
b3961,b3961,0.0512535478832389
b4365,b0047,0.0817186775969751
b3945,b0207,0.0573849804491435
b3234,b3234,0.0364795471441631
b1497,b2712,0.0570272679395532
b2627,b2755,0.0646127923998457
b0438,b0438,0.0537595510052317
b1352,b3251,0.0653984609458886
b1482,b0605,0.0580370965070825
b2835,b2835,0.0555924093539334
b3251,b3251,0.0653984609458886
b3072,b3072,0.0789252235366384
b4171,b4171,0.0549751286863373
b4175,b4175,0.0657493837570988
b2604,b2067,0.0675454136132126
b3529,b3529,0.0498224980151606
b3412,b0239,0.0577930688872196
b2467,b2467,0.0480156305406107
b4167,b4167,0.0616530094435082
b0807,b0807,0.0485908125438411
b3465,b3465,0.0508610681114705
b4371,b4371,0.0551684626150406
b3084,b3084,0.0667100727634535
b4544,b1791,0.0417187838134861
b1178,b1639,0.0867491561627076
b4255,b4255,0.0578936206218874
b1326,b1326,0.0721945989706726
b3883,b3883,0.064458865205739
b3881,b3881,0.0675339331720272
b0783,b0781,0.0625650329007038
b3857,b3857,0.054047721662288
b0168,b0932,0.0533127410197733
b3931,b3931,0.0662949889094796
b2729,b2729,0.0834276406714795
b0636,b0636,0.0780858267507502
b2946,b2946,0.0638295338669166
b0059,b0059,0.0739385647473089
b2566,b2566,0.0767254432222067
b0742,b0742,0.0704341467585836
b0503,b1764,0.0467948312237862
b4249,b0606,0.0638136030935197
b2600,b2411,0.0559681055655784
b2526,b3162,0.078589113655208
b0886,b0886,0.0648411505689682
b2765,b2765,0.0575680953073929
b2806,b3146,0.0572795159958386
b3118,b2297,0.0867320305170096
b0949,b0949,0.0682451913830289
b1282,b1282,0.082385202318406
b1815,b0833,0.0651404172325992
b1530,b2435,0.0472390385230131
b2688,b2688,0.0725502221843138
b4003,b4003,0.0797522098886334
b0619,b2786,0.057745523005142
b0082,b0082,0.0776462418895686
b2952,b2952,0.0533241688710887
b1511,b1511,0.0850287188737469
b1801,b2128,0.0600579074938502
b1334,b2710,0.0791401255676958
b1863,b1863,0.063344390946542
b3632,b3632,0.0837345313455162
b1035,b1035,0.056069213198592
b0891,b0891,0.0671921995263577
b0191,b0191,0.0598009656431605
b3787,b3787,0.0598501581811827
b0195,b0195,0.0465352409297039
b2064,b2064,0.0523177109278953
b0305,b0305,0.0790589098382909
b1221,b1221,0.059198845107224
b4148,b4148,0.0534645082773342
b3534,b3533,0.0721631364780223
b1738,b1736,0.0507921421255251
b1025,b1025,0.0776793055731121
b3345,b3345,0.0523259652899544
b0700,b0700,0.0780416123782015
b3129,b3129,0.0636279855764715
b0156,b3414,0.051925819253049
b4618,b0818,0.0531203101451913
b0237,b0237,0.0680214809227386
b0798,b0798,0.087050039659926
b2326,b2326,0.071624569364817
b0294,b1522,0.0813906786671369
b2728,b2990,0.0662488475079252
b0862,b0861,0.0622020564631863
b0419,b0419,0.0790962829200531
b1737,b1736,0.0507921421255251
b1921,b1235,0.0745092765625258
b2578,b2578,0.0778231279544047
b0177,b2512,0.0634701889956091
b3303,b3303,0.0735622392394328
b4000,b4000,0.0848320336870614
b2009,b2009,0.0838348301435787
b0399,b3961,0.0512535478832389
b2079,b2079,0.0534965291629577
b0911,b0911,0.0769560776505643
b2295,b2295,0.0785494341051161
